<annotation>
	<folder>images</folder>
	<filename>image9.jpg</filename>
	<path>D:\PROJECT\localization\Keras-retinanet-Training-on-custom-datasets-for-Object-Detection--master\dataset\images\image9.jpg</path>
	<source>
		<database>Unknown</database>
	</source>
	<size>
		<width>790</width>
		<height>450</height>
		<depth>3</depth>
	</size>
	<segmented>0</segmented>
	<object>
		<name>Ring</name>
		<pose>Unspecified</pose>
		<truncated>0</truncated>
		<difficult>0</difficult>
		<bndbox>
			<xmin>287</xmin>
			<ymin>133</ymin>
			<xmax>484</xmax>
			<ymax>283</ymax>
		</bndbox>
	</object>
</annotation>
