<annotation>
	<folder>images</folder>
	<filename>image4.jpg</filename>
	<path>D:\PROJECT\localization\Keras-retinanet-Training-on-custom-datasets-for-Object-Detection--master\dataset\images\image4.jpg</path>
	<source>
		<database>Unknown</database>
	</source>
	<size>
		<width>223</width>
		<height>226</height>
		<depth>3</depth>
	</size>
	<segmented>0</segmented>
	<object>
		<name>Earring</name>
		<pose>Unspecified</pose>
		<truncated>0</truncated>
		<difficult>0</difficult>
		<bndbox>
			<xmin>64</xmin>
			<ymin>25</ymin>
			<xmax>95</xmax>
			<ymax>145</ymax>
		</bndbox>
	</object>
	<object>
		<name>Earring</name>
		<pose>Unspecified</pose>
		<truncated>0</truncated>
		<difficult>0</difficult>
		<bndbox>
			<xmin>156</xmin>
			<ymin>130</ymin>
			<xmax>185</xmax>
			<ymax>173</ymax>
		</bndbox>
	</object>
</annotation>
