<annotation>
	<folder>images</folder>
	<filename>image8.jpg</filename>
	<path>D:\PROJECT\localization\Keras-retinanet-Training-on-custom-datasets-for-Object-Detection--master\dataset\images\image8.jpg</path>
	<source>
		<database>Unknown</database>
	</source>
	<size>
		<width>224</width>
		<height>224</height>
		<depth>3</depth>
	</size>
	<segmented>0</segmented>
	<object>
		<name>Ring</name>
		<pose>Unspecified</pose>
		<truncated>0</truncated>
		<difficult>0</difficult>
		<bndbox>
			<xmin>67</xmin>
			<ymin>98</ymin>
			<xmax>130</xmax>
			<ymax>156</ymax>
		</bndbox>
	</object>
</annotation>
