<annotation>
	<folder>images</folder>
	<filename>image2.jpg</filename>
	<path>D:\PROJECT\localization\Keras-retinanet-Training-on-custom-datasets-for-Object-Detection--master\dataset\images\image2.jpg</path>
	<source>
		<database>Unknown</database>
	</source>
	<size>
		<width>800</width>
		<height>800</height>
		<depth>3</depth>
	</size>
	<segmented>0</segmented>
	<object>
		<name>Earring</name>
		<pose>Unspecified</pose>
		<truncated>0</truncated>
		<difficult>0</difficult>
		<bndbox>
			<xmin>496</xmin>
			<ymin>244</ymin>
			<xmax>639</xmax>
			<ymax>728</ymax>
		</bndbox>
	</object>
	<object>
		<name>Earring</name>
		<pose>Unspecified</pose>
		<truncated>0</truncated>
		<difficult>0</difficult>
		<bndbox>
			<xmin>222</xmin>
			<ymin>490</ymin>
			<xmax>313</xmax>
			<ymax>655</ymax>
		</bndbox>
	</object>
</annotation>
