<annotation>
	<folder>images</folder>
	<filename>image1.JPG</filename>
	<path>D:\PROJECT\localization\Keras-retinanet-Training-on-custom-datasets-for-Object-Detection--master\dataset\images\image1.JPG</path>
	<source>
		<database>Unknown</database>
	</source>
	<size>
		<width>366</width>
		<height>375</height>
		<depth>3</depth>
	</size>
	<segmented>0</segmented>
	<object>
		<name>Earring</name>
		<pose>Unspecified</pose>
		<truncated>0</truncated>
		<difficult>0</difficult>
		<bndbox>
			<xmin>183</xmin>
			<ymin>18</ymin>
			<xmax>265</xmax>
			<ymax>309</ymax>
		</bndbox>
	</object>
</annotation>
