<annotation>
	<folder>images</folder>
	<filename>image5.jpg</filename>
	<path>D:\PROJECT\localization\Keras-retinanet-Training-on-custom-datasets-for-Object-Detection--master\dataset\images\image5.jpg</path>
	<source>
		<database>Unknown</database>
	</source>
	<size>
		<width>219</width>
		<height>231</height>
		<depth>3</depth>
	</size>
	<segmented>0</segmented>
	<object>
		<name>Ring</name>
		<pose>Unspecified</pose>
		<truncated>0</truncated>
		<difficult>0</difficult>
		<bndbox>
			<xmin>67</xmin>
			<ymin>120</ymin>
			<xmax>115</xmax>
			<ymax>160</ymax>
		</bndbox>
	</object>
</annotation>
